"label","file_name"
"F0112","https://loc.bus-vision.jp/ryobi/view/images/common/busicon/10000/2/201_s.png"
"F0113","https://loc.bus-vision.jp/ryobi/view/images/common/busicon/10000/2/201_s.png"
"F0115","https://loc.bus-vision.jp/ryobi/view/images/common/busicon/10000/2/201_s.png"
"F0205","https://loc.bus-vision.jp/ryobi/view/images/common/busicon/10000/2/201_s.png"
"F0216","https://loc.bus-vision.jp/ryobi/view/images/common/busicon/10000/2/201_s.png"
"F0218","https://loc.bus-vision.jp/ryobi/view/images/common/busicon/10000/2/201_s.png"
"F0219","https://loc.bus-vision.jp/ryobi/view/images/common/busicon/10000/2/201_s.png"
"F0222","https://loc.bus-vision.jp/ryobi/view/images/common/busicon/10000/2/201_s.png"
"F0223","https://loc.bus-vision.jp/ryobi/view/images/common/busicon/10000/2/201_s.png"
"F0320","https://loc.bus-vision.jp/ryobi/view/images/common/busicon/10000/2/201_s.png"
"F0321","https://loc.bus-vision.jp/ryobi/view/images/common/busicon/10000/2/201_s.png"
"F0401","https://loc.bus-vision.jp/ryobi/view/images/common/busicon/10000/2/201_s.png"
"F0402","https://loc.bus-vision.jp/ryobi/view/images/common/busicon/10000/2/201_s.png"
"F0426","https://loc.bus-vision.jp/ryobi/view/images/common/busicon/10000/2/201_s.png"
"F0427","https://loc.bus-vision.jp/ryobi/view/images/common/busicon/10000/2/201_s.png"
"F0504","https://loc.bus-vision.jp/ryobi/view/images/common/busicon/10000/2/201_s.png"
"F0505","https://loc.bus-vision.jp/ryobi/view/images/common/busicon/10000/2/201_s.png"
"F0604","https://loc.bus-vision.jp/ryobi/view/images/common/busicon/10000/2/201_s.png"
"F0606","https://loc.bus-vision.jp/ryobi/view/images/common/busicon/10000/2/201_s.png"
"F0701","https://loc.bus-vision.jp/ryobi/view/images/common/busicon/10000/2/201_s.png"
"F0703","https://loc.bus-vision.jp/ryobi/view/images/common/busicon/10000/2/201_s.png"
"F0803","https://loc.bus-vision.jp/ryobi/view/images/common/busicon/10000/2/201_s.png"
"F0805","https://loc.bus-vision.jp/ryobi/view/images/common/busicon/10000/2/201_s.png"
"F0806","https://loc.bus-vision.jp/ryobi/view/images/common/busicon/10000/2/201_s.png"
"F0901","https://loc.bus-vision.jp/ryobi/view/images/common/busicon/10000/2/201_s.png"
"F0902","https://loc.bus-vision.jp/ryobi/view/images/common/busicon/10000/2/201_s.png"
"F0903","https://loc.bus-vision.jp/ryobi/view/images/common/busicon/10000/2/201_s.png"
"F0904","https://loc.bus-vision.jp/ryobi/view/images/common/busicon/10000/2/201_s.png"
"F1001","https://loc.bus-vision.jp/ryobi/view/images/common/busicon/10000/2/201_s.png"
"F1002","https://loc.bus-vision.jp/ryobi/view/images/common/busicon/10000/2/201_s.png"
"F1004","https://loc.bus-vision.jp/ryobi/view/images/common/busicon/10000/2/201_s.png"
"F1005","https://loc.bus-vision.jp/ryobi/view/images/common/busicon/10000/2/201_s.png"
"F1008","https://loc.bus-vision.jp/ryobi/view/images/common/busicon/10000/2/201_s.png"
"F1009","https://loc.bus-vision.jp/ryobi/view/images/common/busicon/10000/2/201_s.png"
"F1101","https://loc.bus-vision.jp/ryobi/view/images/common/busicon/10000/2/201_s.png"
"F1301","https://loc.bus-vision.jp/ryobi/view/images/common/busicon/10000/2/201_s.png"
"F1302","https://loc.bus-vision.jp/ryobi/view/images/common/busicon/10000/2/201_s.png"
"F1413","https://loc.bus-vision.jp/ryobi/view/images/common/busicon/10000/2/201_s.png"
"F1414","https://loc.bus-vision.jp/ryobi/view/images/common/busicon/10000/2/201_s.png"
"F1513","/201_r.png"
"F1514","/201_r.png"
"F1515","/201_r.png"
"F1516","/201_r.png"
"F1721","/201_r.png"
"F1813","/201_r.png"
"F1814","/201_r.png"
"F1815","/201_r.png"
"F1816","/201_r.png"
"F1905","https://loc.bus-vision.jp/ryobi/view/images/common/busicon/10000/2/203_s.png"
"F1906","https://loc.bus-vision.jp/ryobi/view/images/common/busicon/10000/2/203_s.png"
"F1919","https://loc.bus-vision.jp/ryobi/view/images/common/busicon/10000/2/203_s.png"
"F1920","https://loc.bus-vision.jp/ryobi/view/images/common/busicon/10000/2/203_s.png"
"F2403","https://loc.bus-vision.jp/ryobi/view/images/common/busicon/10000/2/203_s.png"
"F2404","https://loc.bus-vision.jp/ryobi/view/images/common/busicon/10000/2/203_s.png"
"F0103","https://loc.bus-vision.jp/ryobi/view/images/common/busicon/10000/2/204_s.png"
"F0203","https://loc.bus-vision.jp/ryobi/view/images/common/busicon/10000/2/204_s.png"
"F0206","https://loc.bus-vision.jp/ryobi/view/images/common/busicon/10000/2/204_s.png"
"F0220","https://loc.bus-vision.jp/ryobi/view/images/common/busicon/10000/2/204_s.png"
"F0326","https://loc.bus-vision.jp/ryobi/view/images/common/busicon/10000/2/204_s.png"
"F0432","https://loc.bus-vision.jp/ryobi/view/images/common/busicon/10000/2/204_s.png"
"F0821","https://loc.bus-vision.jp/ryobi/view/images/common/busicon/10000/2/204_s.png"
"F1903","https://loc.bus-vision.jp/ryobi/view/images/common/busicon/10000/2/205_s.png"
"F1904","https://loc.bus-vision.jp/ryobi/view/images/common/busicon/10000/2/205_s.png"
"F1915","https://loc.bus-vision.jp/ryobi/view/images/common/busicon/10000/2/205_s.png"
"F1916","https://loc.bus-vision.jp/ryobi/view/images/common/busicon/10000/2/205_s.png"
"F0404","https://loc.bus-vision.jp/ryobi/view/images/common/busicon/10000/2/206_s.png"
"F0433","https://loc.bus-vision.jp/ryobi/view/images/common/busicon/10000/2/206_s.png"
"F0527","https://loc.bus-vision.jp/ryobi/view/images/common/busicon/10000/2/206_s.png"
"F0603","https://loc.bus-vision.jp/ryobi/view/images/common/busicon/10000/2/206_s.png"
"F0622","https://loc.bus-vision.jp/ryobi/view/images/common/busicon/10000/2/206_s.png"
"F0623","https://loc.bus-vision.jp/ryobi/view/images/common/busicon/10000/2/206_s.png"
"F0711","https://loc.bus-vision.jp/ryobi/view/images/common/busicon/10000/2/206_s.png"
"F0712","https://loc.bus-vision.jp/ryobi/view/images/common/busicon/10000/2/206_s.png"
"F1718","https://loc.bus-vision.jp/ryobi/view/images/common/busicon/10000/2/206_s.png"
"F1719","https://loc.bus-vision.jp/ryobi/view/images/common/busicon/10000/2/206_s.png"
"F1811","https://loc.bus-vision.jp/ryobi/view/images/common/busicon/10000/2/206_s.png"
"F1812","https://loc.bus-vision.jp/ryobi/view/images/common/busicon/10000/2/206_s.png"
"F0612","https://loc.bus-vision.jp/ryobi/view/images/common/busicon/10000/2/207_s.png"
"F0613","https://loc.bus-vision.jp/ryobi/view/images/common/busicon/10000/2/207_s.png"
"F0614","https://loc.bus-vision.jp/ryobi/view/images/common/busicon/10000/2/207_s.png"
"F0615","https://loc.bus-vision.jp/ryobi/view/images/common/busicon/10000/2/207_s.png"
"F1908","https://loc.bus-vision.jp/ryobi/view/images/common/busicon/10000/2/209_s.png"
"F1909","https://loc.bus-vision.jp/ryobi/view/images/common/busicon/10000/2/209_s.png"
"F1917","https://loc.bus-vision.jp/ryobi/view/images/common/busicon/10000/2/209_s.png"
"F1918","https://loc.bus-vision.jp/ryobi/view/images/common/busicon/10000/2/209_s.png"
"F2001","https://loc.bus-vision.jp/ryobi/view/images/common/busicon/10000/2/210_s.png"
"F1031","https://loc.bus-vision.jp/ryobi/view/images/common/busicon/10000/2/211_s.png"
"F1006","https://loc.bus-vision.jp/ryobi/view/images/common/busicon/10000/2/212_s.png"
"F0512","https://loc.bus-vision.jp/ryobi/view/images/common/busicon/10000/2/213_s.png"
"H1907","https://loc.bus-vision.jp/ryobi/view/images/common/busicon/10000/2/213_s.png"
"Y2101","https://loc.bus-vision.jp/ryobi/view/images/common/busicon/10000/2/214_s.png"
"Y2102","https://loc.bus-vision.jp/ryobi/view/images/common/busicon/10000/2/215_s.png"
"F1720","https://loc.bus-vision.jp/ryobi/view/images/common/busicon/10000/3/216_s.png"
"DEFAULT","/201_r.png"
